Iteration,Elapsed Time,Discriminator Loss,Value Loss,Policy Loss,Edit Distance,Best Edit Distance
10,365.88650369644165,1.4402881860733032,423.43361496925354,-2.3066086592152715,0.9980803571428571,0.9980803571428571
