Iteration,Elapsed Time,Discriminator Loss,Value Loss,Policy Loss,Edit Distance,Best Edit Distance
10,355.5974042415619,1.3470432758331299,282.8523733615875,-1.7325595989823341,0.9994325396825396,0.9994325396825396
